distance,g_value,zz_infinite,slope,r_squared,fit_degree,num_points,qubits,inverse_qubits,zz_values
1,0,0.994096052035,-0.00277326375999,0.000295627589386,1,13,96;72;64;48;36;32;24;22;20;18;16;12;10,0.0104166666667;0.0138888888889;0.015625;0.0208333333333;0.0277777777778;0.03125;0.0416666666667;0.0454545454545;0.05;0.0555555555556;0.0625;0.0833333333333;0.1,0.987812519073;0.993083357811;0.993656218052;0.996656239033;1.00387501717;0.995554685593;0.990249931812;0.989249944687;0.990075051785;0.997749984264;0.997312486172;0.995374977589;0.991049945354
1,0.10000000149,0.989979951436,0.0856289325416,0.26347555764,1,13,96;72;64;48;36;32;24;22;20;18;16;12;10,0.0104166666667;0.0138888888889;0.015625;0.0208333333333;0.0277777777778;0.03125;0.0416666666667;0.0454545454545;0.05;0.0555555555556;0.0625;0.0833333333333;0.1,0.991281270981;0.984083354473;0.992718756199;0.993468761444;0.993874967098;0.996187508106;0.997000038624;0.994977295399;0.99464994669;0.996166706085;0.986062526703;0.995374977589;1.00170004368
1,0.20000000298,0.975107164366,0.0566377111197,0.202388592934,1,13,96;72;64;48;36;32;24;22;20;18;16;12;10,0.0104166666667;0.0138888888889;0.015625;0.0208333333333;0.0277777777778;0.03125;0.0416666666667;0.0454545454545;0.05;0.0555555555556;0.0625;0.0833333333333;0.1,0.974187493324;0.974124968052;0.974015653133;0.979125022888;0.975562512875;0.975585997105;0.977999985218;0.978272736073;0.978224992752;0.978583335876;0.986531257629;0.980500042439;0.975300073624
1,0.300000011921,0.903032462105,0.617874787866,0.772687426727,1,13,96;72;64;48;36;32;24;22;20;18;16;12;10,0.0104166666667;0.0138888888889;0.015625;0.0208333333333;0.0277777777778;0.03125;0.0416666666667;0.0454545454545;0.05;0.0555555555556;0.0625;0.0833333333333;0.1,0.901374995708;0.905416607857;0.904734373093;0.905015647411;0.927250027657;0.926296830177;0.936625003815;0.944454610348;0.947924911976;0.938583374023;0.945656239986;0.949750006199;0.951299965382
1,0.40000000596,0.745600538453,1.87657304159,0.745054774082,1,13,96;72;64;48;36;32;24;22;20;18;16;12;10,0.0104166666667;0.0138888888889;0.015625;0.0208333333333;0.0277777777778;0.03125;0.0416666666667;0.0454545454545;0.05;0.0555555555556;0.0625;0.0833333333333;0.1,0.723718762398;0.745749950409;0.752531290054;0.768093764782;0.807187497616;0.827367186546;0.855937540531;0.8702044487;0.872625052929;0.872916698456;0.875343799591;0.884125053883;0.884700000286
1,0.5,0.522510515896,1.87374339892,0.666664799516,1,13,96;72;64;48;36;32;24;22;20;18;16;12;10,0.0104166666667;0.0138888888889;0.015625;0.0208333333333;0.0277777777778;0.03125;0.0416666666667;0.0454545454545;0.05;0.0555555555556;0.0625;0.0833333333333;0.1,0.469593763351;0.513708353043;0.53756248951;0.564281225204;0.596562504768;0.61080467701;0.638875067234;0.652704536915;0.653699934483;0.640333354473;0.639375030994;0.658999979496;0.662250041962
1,0.600000023842,0.272727173777,1.26020542598,0.604044534633,1,13,96;72;64;48;36;32;24;22;20;18;16;12;10,0.0104166666667;0.0138888888889;0.015625;0.0208333333333;0.0277777777778;0.03125;0.0416666666667;0.0454545454545;0.05;0.0555555555556;0.0625;0.0833333333333;0.1,0.219343751669;0.267291665077;0.291937500238;0.310874998569;0.32662498951;0.334757804871;0.354937463999;0.357545465231;0.361649990082;0.347833305597;0.33965626359;0.36562499404;0.370949983597
1,0.699999988079,0.177315296452,0.61451896622,0.346748154593,1,13,96;72;64;48;36;32;24;22;20;18;16;12;10,0.0104166666667;0.0138888888889;0.015625;0.0208333333333;0.0277777777778;0.03125;0.0416666666667;0.0454545454545;0.05;0.0555555555556;0.0625;0.0833333333333;0.1,0.12903124094;0.16820833087;0.183750003576;0.216281250119;0.219124987721;0.223804682493;0.217499986291;0.220499992371;0.217275008559;0.198916658759;0.200343742967;0.225000008941;0.228449985385
1,0.800000011921,0.124116553259,-0.106200933693,0.0297323695286,1,13,96;72;64;48;36;32;24;22;20;18;16;12;10,0.0104166666667;0.0138888888889;0.015625;0.0208333333333;0.0277777777778;0.03125;0.0416666666667;0.0454545454545;0.05;0.0555555555556;0.0625;0.0833333333333;0.1,0.0883124992251;0.114833332598;0.123750001192;0.15318749845;0.134250000119;0.133804678917;0.127937495708;0.127295449376;0.112125001848;0.107833325863;0.0972187519073;0.114874996245;0.118799991906
1,0.899999976158,0.0954718999898,-0.709304985046,0.767527699442,1,13,96;72;64;48;36;32;24;22;20;18;16;12;10,0.0104166666667;0.0138888888889;0.015625;0.0208333333333;0.0277777777778;0.03125;0.0416666666667;0.0454545454545;0.05;0.0555555555556;0.0625;0.0833333333333;0.1,0.070624999702;0.089583337307;0.0944999977946;0.0974531322718;0.084625005722;0.078117184341;0.0578750036657;0.0580227337778;0.0527250058949;0.0463333316147;0.042843747884;0.0323749966919;0.040049996227
1,1,0.0680301076226,-0.634963838892,0.756204984982,1,13,96;72;64;48;36;32;24;22;20;18;16;12;10,0.0104166666667;0.0138888888889;0.015625;0.0208333333333;0.0277777777778;0.03125;0.0416666666667;0.0454545454545;0.05;0.0555555555556;0.0625;0.0833333333333;0.1,0.0607500001788;0.0639166608453;0.0676875039935;0.0678749978542;0.0513750016689;0.0494999997318;0.0344375036657;0.0249545443803;0.0314250029624;0.0209999997169;0.015468750149;0.0205000005662;0.0209999997169
2,0,0.990763230599,0.0886223757053,0.239681643936,1,13,96;72;64;48;36;32;24;22;20;18;16;12;10,0.0104166666667;0.0138888888889;0.015625;0.0208333333333;0.0277777777778;0.03125;0.0416666666667;0.0454545454545;0.05;0.0555555555556;0.0625;0.0833333333333;0.1,0.987468779087;0.995958328247;0.995765566826;0.992625057697;1.00075006485;0.991617202759;0.990999996662;0.989931821823;0.991725027561;0.997333347797;0.995249986649;0.993624925613;1.00634992123
2,0.10000000149,0.991231131285,0.0697658957527,0.206266166032,1,13,96;72;64;48;36;32;24;22;20;18;16;12;10,0.0104166666667;0.0138888888889;0.015625;0.0208333333333;0.0277777777778;0.03125;0.0416666666667;0.0454545454545;0.05;0.0555555555556;0.0625;0.0833333333333;0.1,0.990875005722;0.986291646957;0.992578089237;0.994218707085;0.997687458992;0.993726551533;0.997749984264;0.995181798935;0.994349956512;0.998833358288;0.99093747139;0.990375041962;1.00215005875
2,0.20000000298,0.977216930857,0.0449610769167,0.14566392232,1,13,96;72;64;48;36;32;24;22;20;18;16;12;10,0.0104166666667;0.0138888888889;0.015625;0.0208333333333;0.0277777777778;0.03125;0.0416666666667;0.0454545454545;0.05;0.0555555555556;0.0625;0.0833333333333;0.1,0.979156255722;0.973625004292;0.97335934639;0.977484345436;0.982624948025;0.977203130722;0.984187543392;0.980727255344;0.982124984264;0.98016667366;0.979687452316;0.977874994278;0.980700016022
2,0.300000011921,0.901258980199,0.628947055645,0.787890353743,1,13,96;72;64;48;36;32;24;22;20;18;16;12;10,0.0104166666667;0.0138888888889;0.015625;0.0208333333333;0.0277777777778;0.03125;0.0416666666667;0.0454545454545;0.05;0.0555555555556;0.0625;0.0833333333333;0.1,0.90084373951;0.903541684151;0.898921906948;0.908390641212;0.92312502861;0.929109334946;0.929875075817;0.94131821394;0.944774925709;0.943333387375;0.944999992847;0.950375020504;0.948900043964
2,0.40000000596,0.742754051195,1.78993911349,0.723916042135,1,13,96;72;64;48;36;32;24;22;20;18;16;12;10,0.0104166666667;0.0138888888889;0.015625;0.0208333333333;0.0277777777778;0.03125;0.0416666666667;0.0454545454545;0.05;0.0555555555556;0.0625;0.0833333333333;0.1,0.724312484264;0.737041652203;0.747656226158;0.761578142643;0.804062485695;0.823570370674;0.849937438965;0.858340799809;0.862049996853;0.87191671133;0.867937505245;0.87612503767;0.870599985123
2,0.5,0.489731750391,1.36915314616,0.63609357764,1,13,96;72;64;48;36;32;24;22;20;18;16;12;10,0.0104166666667;0.0138888888889;0.015625;0.0208333333333;0.0277777777778;0.03125;0.0416666666667;0.0454545454545;0.05;0.0555555555556;0.0625;0.0833333333333;0.1,0.44399997592;0.495250016451;0.501140654087;0.51928126812;0.536000013351;0.548085927963;0.578687489033;0.599590957165;0.582374989986;0.577333271503;0.566718757153;0.590250015259;0.592200040817
2,0.600000023842,0.174667044898,0.237418237921,0.12875394901,1,13,96;72;64;48;36;32;24;22;20;18;16;12;10,0.0104166666667;0.0138888888889;0.015625;0.0208333333333;0.0277777777778;0.03125;0.0416666666667;0.0454545454545;0.05;0.0555555555556;0.0625;0.0833333333333;0.1,0.156124994159;0.192874997854;0.197671890259;0.179578125477;0.170625001192;0.18541406095;0.19212500751;0.202227279544;0.191474989057;0.163750007749;0.156656250358;0.207250013947;0.207449987531
2,0.699999988079,0.0718655594699,0.014335463195,0.00126502493225,1,13,96;72;64;48;36;32;24;22;20;18;16;12;10,0.0104166666667;0.0138888888889;0.015625;0.0208333333333;0.0277777777778;0.03125;0.0416666666667;0.0454545454545;0.05;0.0555555555556;0.0625;0.0833333333333;0.1,0.0573437511921;0.0753749981523;0.0816562473774;0.0845624953508;0.0775625035167;0.08001562953;0.0694375038147;0.0696818158031;0.071624994278;0.0598333366215;0.0496875010431;0.081625007093;0.0838500037789
2,0.800000011921,0.0411613359166,-0.214991498721,0.537918824335,1,13,96;72;64;48;36;32;24;22;20;18;16;12;10,0.0104166666667;0.0138888888889;0.015625;0.0208333333333;0.0277777777778;0.03125;0.0416666666667;0.0454545454545;0.05;0.0555555555556;0.0625;0.0833333333333;0.1,0.0355312526226;0.039416667074;0.0440156236291;0.0436875000596;0.0331250019372;0.0358593761921;0.0294999983162;0.0329318195581;0.0280499979854;0.0202500000596;0.0183749999851;0.0298749972135;0.0244499985129
2,0.899999976158,0.0295341679826,-0.359640339905,0.761952741957,1,13,96;72;64;48;36;32;24;22;20;18;16;12;10,0.0104166666667;0.0138888888889;0.015625;0.0208333333333;0.0277777777778;0.03125;0.0416666666667;0.0454545454545;0.05;0.0555555555556;0.0625;0.0833333333333;0.1,0.0262499991804;0.0287500005215;0.0266718752682;0.0262500010431;0.0128750000149;0.023906249553;0.01600000076;0.0111136361957;0.00720000034198;0.00283333286643;-0.00196874979883;0.000125000326079;0.0031500000041
2,1,0.0171468945437,-0.19293859938,0.378864822211,1,13,96;72;64;48;36;32;24;22;20;18;16;12;10,0.0104166666667;0.0138888888889;0.015625;0.0208333333333;0.0277777777778;0.03125;0.0416666666667;0.0454545454545;0.05;0.0555555555556;0.0625;0.0833333333333;0.1,0.0242187511176;0.0225833337754;0.0197343751788;0.0103125004098;0.0116249993443;0.0035156251397;0.0034999998752;0.00224999990314;-0.00225000013597;0.00483333319426;0.000843750021886;0.0101250000298;0.00390000012703
3,0,0.993415154417,0.0168924021342,0.0160253960816,1,13,96;72;64;48;36;32;24;22;20;18;16;12;10,0.0104166666667;0.0138888888889;0.015625;0.0208333333333;0.0277777777778;0.03125;0.0416666666667;0.0454545454545;0.05;0.0555555555556;0.0625;0.0833333333333;0.1,0.989312469959;0.992666661739;0.996703147888;0.993281245232;0.997187495232;0.997804641724;0.995312452316;0.988568246365;0.99442499876;0.992166697979;0.999000012875;0.989000022411;0.998399972916
3,0.10000000149,0.988121845239,0.123919274675,0.391273816653,1,13,96;72;64;48;36;32;24;22;20;18;16;12;10,0.0104166666667;0.0138888888889;0.015625;0.0208333333333;0.0277777777778;0.03125;0.0416666666667;0.0454545454545;0.05;0.0555555555556;0.0625;0.0833333333333;0.1,0.99106246233;0.985166668892;0.989531219006;0.99243748188;0.995499968529;0.99464058876;0.996937513351;0.990409076214;0.993150055408;0.997833311558;0.986624956131;0.995124995708;1.00635004044
3,0.20000000298,0.977163253505,0.0463683137657,0.0872613156708,1,13,96;72;64;48;36;32;24;22;20;18;16;12;10,0.0104166666667;0.0138888888889;0.015625;0.0208333333333;0.0277777777778;0.03125;0.0416666666667;0.0454545454545;0.05;0.0555555555556;0.0625;0.0833333333333;0.1,0.978687465191;0.976500034332;0.9752343297;0.975937485695;0.984687566757;0.980156242847;0.979624986649;0.975954532623;0.981825053692;0.979083359241;0.982218742371;0.971499979496;0.987600028515
3,0.300000011921,0.898252447097,0.700952325918,0.830337212918,1,13,96;72;64;48;36;32;24;22;20;18;16;12;10,0.0104166666667;0.0138888888889;0.015625;0.0208333333333;0.0277777777778;0.03125;0.0416666666667;0.0454545454545;0.05;0.0555555555556;0.0625;0.0833333333333;0.1,0.898218750954;0.899374961853;0.899906277657;0.907124996185;0.92437505722;0.930656254292;0.927500009537;0.944045484066;0.945075035095;0.937666654587;0.946031332016;0.951499938965;0.957149982452
3,0.40000000596,0.738122592754,1.82521770485,0.760514843581,1,13,96;72;64;48;36;32;24;22;20;18;16;12;10,0.0104166666667;0.0138888888889;0.015625;0.0208333333333;0.0277777777778;0.03125;0.0416666666667;0.0454545454545;0.05;0.0555555555556;0.0625;0.0833333333333;0.1,0.724749982357;0.738499999046;0.743343770504;0.754734396935;0.798249959946;0.818789064884;0.847812473774;0.853636324406;0.862874984741;0.859750032425;0.860249996185;0.877875030041;0.874049961567
3,0.5,0.478371760734,1.06953340701,0.612731460917,1,13,96;72;64;48;36;32;24;22;20;18;16;12;10,0.0104166666667;0.0138888888889;0.015625;0.0208333333333;0.0277777777778;0.03125;0.0416666666667;0.0454545454545;0.05;0.0555555555556;0.0625;0.0833333333333;0.1,0.438749969006;0.486750006676;0.496453166008;0.49289059639;0.51424998045;0.528187513351;0.555062532425;0.563863635063;0.54960000515;0.539416611195;0.527906239033;0.557624995708;0.565200030804
3,0.600000023842,0.139600231623,-0.347056339216,0.176871354472,1,13,96;72;64;48;36;32;24;22;20;18;16;12;10,0.0104166666667;0.0138888888889;0.015625;0.0208333333333;0.0277777777778;0.03125;0.0416666666667;0.0454545454545;0.05;0.0555555555556;0.0625;0.0833333333333;0.1,0.130374997854;0.15229165554;0.166781246662;0.12506249547;0.116500005126;0.130429685116;0.133187487721;0.133159101009;0.104924999177;0.0899166688323;0.0841875001788;0.121625006199;0.13259999454
3,0.699999988079,0.0405503219749,-0.173384745363,0.290035431857,1,13,96;72;64;48;36;32;24;22;20;18;16;12;10,0.0104166666667;0.0138888888889;0.015625;0.0208333333333;0.0277777777778;0.03125;0.0416666666667;0.0454545454545;0.05;0.0555555555556;0.0625;0.0833333333333;0.1,0.0357500016689;0.0410000011325;0.0463124997914;0.0418593734503;0.035000000149;0.0405703112483;0.0344999991357;0.0314318202436;0.0206250008196;0.0181666668504;0.0204374995083;0.0305000003427;0.034200001508
3,0.800000011921,0.0165321488314,-0.119315661405,0.337221676728,1,13,96;72;64;48;36;32;24;22;20;18;16;12;10,0.0104166666667;0.0138888888889;0.015625;0.0208333333333;0.0277777777778;0.03125;0.0416666666667;0.0454545454545;0.05;0.0555555555556;0.0625;0.0833333333333;0.1,0.019062500447;0.0174583345652;0.019687499851;0.0156093742698;0.0114374998957;0.010265625082;0.0140000013635;0.00579545460641;0.00179999985266;0.00575000001118;0.00581250013784;0.011874999851;0.00975000020117
3,0.899999976158,0.0137103850414,-0.211156041464,0.713337414451,1,13,96;72;64;48;36;32;24;22;20;18;16;12;10,0.0104166666667;0.0138888888889;0.015625;0.0208333333333;0.0277777777778;0.03125;0.0416666666667;0.0454545454545;0.05;0.0555555555556;0.0625;0.0833333333333;0.1,0.0122500006109;0.011208333075;0.0161718763411;0.00899999961257;0.00237500015646;0.00717187486589;0.0082499999553;0.00320454570465;-0.00187500007451;-0.00266666640528;0.00515625020489;-0.00599999958649;-0.00390000012703
3,1,0.00773092254537,-0.133516716268,0.356428450731,1,13,96;72;64;48;36;32;24;22;20;18;16;12;10,0.0104166666667;0.0138888888889;0.015625;0.0208333333333;0.0277777777778;0.03125;0.0416666666667;0.0454545454545;0.05;0.0555555555556;0.0625;0.0833333333333;0.1,0.0154062509537;0.00966666638851;0.0110625000671;-0.0023906249553;6.25000102445e-05;-0.000562500208616;-0.00293750013225;-0.00150000012945;-0.00277500017546;0.00208333320916;0.00271874968894;-0.00262500043027;-0.00224999990314
