observable_key,component,parameter,fit_of_finite_mean,bootstrap_mean,bootstrap_median,bootstrap_std,ci_low,ci_high,confidence,fit_degree,central_slope,central_r_squared,bootstrap_repetitions,qubits,inverse_qubits,finite_size_means
bootstrap_corr_spin_dot,1,0,-1.6806432671,-1.6806432671,-1.68068055605,0.00848004017495,-1.69691300607,-1.66410803458,0.95,1,-0.296889376308,0.239141357119,1000,16;18;20;22;24;32;36;40;64;72,0.0625;0.0555555555556;0.05;0.0454545454545;0.0416666666667;0.03125;0.0277777777778;0.025;0.015625;0.0138888888889,-1.711771875;-1.702212;-1.68649785;-1.68385868182;-1.695856875;-1.6846014375;-1.67750275;-1.687258575;-1.68929975857;-1.69704145406
bootstrap_corr_spin_dot,1,0.0714285746217,-1.67730950738,-1.67730950738,-1.67743867523,0.0081001994477,-1.69246724792,-1.66125299257,0.95,1,-0.592289167063,0.347090904714,1000,16;18;20;22;24;32;36;40;64;72,0.0625;0.0555555555556;0.05;0.0454545454545;0.0416666666667;0.03125;0.0277777777778;0.025;0.015625;0.0138888888889,-1.7420416875;-1.6985165;-1.7021025;-1.68271159091;-1.69885125;-1.69089159375;-1.697785;-1.702834425;-1.68156578948;-1.69418267156
bootstrap_corr_spin_dot,1,0.142857149243,-1.69122922048,-1.69122922048,-1.69124644036,0.00822368605969,-1.70784744751,-1.67534156746,0.95,1,-0.175369380866,0.060952741229,1000,16;18;20;22;24;32;36;40;64;72,0.0625;0.0555555555556;0.05;0.0454545454545;0.0416666666667;0.03125;0.0277777777778;0.025;0.015625;0.0138888888889,-1.710329625;-1.6991745;-1.70474985;-1.6750665;-1.706053125;-1.706072625;-1.681168;-1.705763475;-1.68974961334;-1.698826815
bootstrap_corr_spin_dot,1,0.214285731316,-1.70177385221,-1.70177385221,-1.70127021675,0.00833675896232,-1.71899673408,-1.68582231625,0.95,1,0.0220611140128,0.00117468692069,1000,16;18;20;22;24;32;36;40;64;72,0.0625;0.0555555555556;0.05;0.0454545454545;0.0416666666667;0.03125;0.0277777777778;0.025;0.015625;0.0138888888889,-1.7049909375;-1.6842735;-1.7129457;-1.6883865;-1.715558625;-1.6985626875;-1.6968825;-1.71146475;-1.69182412864;-1.70471485406
bootstrap_corr_spin_dot,1,0.285714298487,-1.7019000409,-1.7019000409,-1.70231783238,0.00813534313261,-1.71685522112,-1.68546920592,0.95,1,-0.109110568225,0.0186178459891,1000,16;18;20;22;24;32;36;40;64;72,0.0625;0.0555555555556;0.05;0.0454545454545;0.0416666666667;0.03125;0.0277777777778;0.025;0.015625;0.0138888888889,-1.7046140625;-1.6927355;-1.7238429;-1.69337495455;-1.725796125;-1.69797909375;-1.71604225;-1.715689125;-1.69025086766;-1.69890660844
bootstrap_corr_spin_dot,1,0.357142865658,-1.70457093507,-1.70457093507,-1.70422718312,0.00832089414473,-1.72108304598,-1.68876439705,0.95,1,0.558355679876,0.276821717235,1000,16;18;20;22;24;32;36;40;64;72,0.0625;0.0555555555556;0.05;0.0454545454545;0.0416666666667;0.03125;0.0277777777778;0.025;0.015625;0.0138888888889,-1.6616064375;-1.661351;-1.688418;-1.67194227273;-1.7171925;-1.68455784375;-1.6768355;-1.684977975;-1.68694797521;-1.70600381437
bootstrap_corr_spin_dot,1,0.428571462631,-1.60447294598,-1.60447294598,-1.60460566005,0.00774228751894,-1.61935684258,-1.58917487777,0.95,1,-0.274322329502,0.0163558253838,1000,16;18;20;22;24;32;36;40;64;72,0.0625;0.0555555555556;0.05;0.0454545454545;0.0416666666667;0.03125;0.0277777777778;0.025;0.015625;0.0138888888889,-1.5892605;-1.6138635;-1.61418555;-1.62005359091;-1.635747375;-1.64461078125;-1.633269;-1.652508675;-1.6157559375;-1.52662225
bootstrap_corr_spin_dot,1,0.499999970198,-1.48009678826,-1.48009678826,-1.48007329561,0.00783495494419,-1.49598878435,-1.46490758384,0.95,1,0.509005574325,0.100698074379,1000,16;18;20;22;24;32;36;40;64;72,0.0625;0.0555555555556;0.05;0.0454545454545;0.0416666666667;0.03125;0.0277777777778;0.025;0.015625;0.0138888888889,-1.44857583;-1.4266195;-1.43556705;-1.47225354545;-1.495983375;-1.4520375;-1.46796025;-1.501318125;-1.48227159375;-1.430701375
bootstrap_corr_spin_dot,1,0.571428537369,-1.31342692985,-1.31342692985,-1.31357211261,0.00805117267639,-1.32939200193,-1.29754141421,0.95,1,0.796894838663,0.324434623449,1000,16;18;20;22;24;32;36;40;64;72,0.0625;0.0555555555556;0.05;0.0454545454545;0.0416666666667;0.03125;0.0277777777778;0.025;0.015625;0.0138888888889,-1.253763225;-1.245097;-1.28118555;-1.27897322727;-1.300842375;-1.3093010775;-1.28919336;-1.316155464;-1.2982088925;-1.26771931
bootstrap_corr_spin_dot,1,0.642857134342,-1.11684430821,-1.11684430821,-1.11702130567,0.00835612817805,-1.13249112476,-1.09958176326,0.95,1,0.00160715447099,2.37357557997e-06,1000,16;18;20;22;24;32;36;40;64;72,0.0625;0.0555555555556;0.05;0.0454545454545;0.0416666666667;0.03125;0.0277777777778;0.025;0.015625;0.0138888888889,-1.119960972;-1.10869876;-1.12285395;-1.111347;-1.1408475;-1.12488363;-1.08557176;-1.092520962;-1.13125876875;-1.12990719187
bootstrap_corr_spin_dot,1,0.714285731316,-0.912037708374,-0.912037708374,-0.912176876697,0.00827477115994,-0.927800772849,-0.895257940306,0.95,1,-0.350188871154,0.145547345684,1000,16;18;20;22;24;32;36;40;64;72,0.0625;0.0555555555556;0.05;0.0454545454545;0.0416666666667;0.03125;0.0277777777778;0.025;0.015625;0.0138888888889,-0.920490948;-0.924183;-0.92255355;-0.954113318182;-0.94950525;-0.9252286875;-0.90743952;-0.91203372;-0.92111265675;-0.9128375256
bootstrap_corr_spin_dot,1,0.785714268684,-0.831728193049,-0.831728193049,-0.831897532161,0.0086119059078,-0.848778119626,-0.81455921538,0.95,1,1.15826493215,0.337040006793,1000,16;18;20;22;24;32;36;40;64;72,0.0625;0.0555555555556;0.05;0.0454545454545;0.0416666666667;0.03125;0.0277777777778;0.025;0.015625;0.0138888888889,-0.7683672204;-0.76125712;-0.74594115;-0.787748318182;-0.76922025;-0.832584111188;-0.805768665345;-0.8307649035;-0.758451898772;-0.83010466077
bootstrap_corr_spin_dot,1,0.857142865658,-0.653905761287,-0.653905761287,-0.654449167757,0.0080074845688,-0.669885260961,-0.637922017957,0.95,1,0.462227423819,0.117240132769,1000,16;18;20;22;24;32;36;40;64;72,0.0625;0.0555555555556;0.05;0.0454545454545;0.0416666666667;0.03125;0.0277777777778;0.025;0.015625;0.0138888888889,-0.62051067;-0.6122095;-0.62002485;-0.676448181818;-0.619366125;-0.661129869053;-0.64639589175;-0.6355932975;-0.617793716925;-0.659153738801
bootstrap_corr_spin_dot,1,0.928571403027,-0.534844346485,-0.534844346485,-0.53471611294,0.00821455778279,-0.550013267429,-0.519169593989,0.95,1,-0.28840403286,0.0229160862939,1000,16;18;20;22;24;32;36;40;64;72,0.0625;0.0555555555556;0.05;0.0454545454545;0.0416666666667;0.03125;0.0277777777778;0.025;0.015625;0.0138888888889,-0.571104495;-0.532658;-0.53594415;-0.609691090909;-0.506831625;-0.54278690625;-0.51843525;-0.524302875;-0.580495588848;-0.532533367296
bootstrap_corr_spin_dot,1,1,-0.486226398013,-0.486226398013,-0.486055148305,0.00805049954391,-0.502506675642,-0.471222299341,0.95,1,-0.109052708741,0.00320757318626,1000,16;18;20;22;24;32;36;40;64;72,0.0625;0.0555555555556;0.05;0.0454545454545;0.0416666666667;0.03125;0.0277777777778;0.025;0.015625;0.0138888888889,-0.526672575;-0.445131;-0.48522465;-0.549867681818;-0.453501;-0.4897850625;-0.47631225;-0.477791775;-0.515013566256;-0.483174163584
bootstrap_corr_spin_dot,2,0,0.665355876681,0.665355876681,0.665466381071,0.00880429338358,0.647619920177,0.682863547988,0.95,1,-0.570062905614,0.0923558009266,1000,16;18;20;22;24;32;36;40;64;72,0.0625;0.0555555555556;0.05;0.0454545454545;0.0416666666667;0.03125;0.0277777777778;0.025;0.015625;0.0138888888889,0.678385125;0.631021;0.63534825;0.585487227273;0.611470125;0.65447859375;0.64977375;0.664978275;0.69223809375;0.640185625
bootstrap_corr_spin_dot,2,0.0714285746217,0.674661693922,0.674661693922,0.674488935272,0.00892774493444,0.657339611069,0.692947878162,0.95,1,-0.85111699509,0.258863991152,1000,16;18;20;22;24;32;36;40;64;72,0.0625;0.0555555555556;0.05;0.0454545454545;0.0416666666667;0.03125;0.0277777777778;0.025;0.015625;0.0138888888889,0.65906775;0.632828;0.6189039;0.596127272727;0.613663875;0.6666744375;0.6427825;0.665676225;0.686498203125;0.65057225
bootstrap_corr_spin_dot,2,0.142857149243,0.674361770509,0.674361770509,0.674142600848,0.00878891706,0.657355007579,0.691419075188,0.95,1,-1.15643382247,0.481248777891,1000,16;18;20;22;24;32;36;40;64;72,0.0625;0.0555555555556;0.05;0.0454545454545;0.0416666666667;0.03125;0.0277777777778;0.025;0.015625;0.0138888888889,0.620555625;0.627836;0.6162264;0.577486227273;0.61583325;0.64354978125;0.63591925;0.6462405;0.683716078125;0.649856125
bootstrap_corr_spin_dot,2,0.214285731316,0.665762354831,0.665762354831,0.665657887853,0.00858762674294,0.649162809507,0.682673374979,0.95,1,-1.26938958655,0.481916193185,1000,16;18;20;22;24;32;36;40;64;72,0.0625;0.0555555555556;0.05;0.0454545454545;0.0416666666667;0.03125;0.0277777777778;0.025;0.015625;0.0138888888889,0.610138125;0.5935155;0.61600635;0.568249363636;0.589861875;0.6451155;0.62921275;0.63015165;0.67506946875;0.632255625
bootstrap_corr_spin_dot,2,0.285714298487,0.643518409001,0.643518409001,0.6435827471,0.00856243381635,0.626387833722,0.660000175454,0.95,1,-1.38606051199,0.563802363113,1000,16;18;20;22;24;32;36;40;64;72,0.0625;0.0555555555556;0.05;0.0454545454545;0.0416666666667;0.03125;0.0277777777778;0.025;0.015625;0.0138888888889,0.5661984375;0.5931795;0.5804748;0.53334;0.571130625;0.602841375;0.607372;0.608168025;0.642232265625;0.619181
bootstrap_corr_spin_dot,2,0.357142865658,0.527232839745,0.527232839745,0.527553253184,0.0084223586951,0.510943646511,0.543668872849,0.95,1,-0.339510043228,0.0292185985322,1000,16;18;20;22;24;32;36;40;64;72,0.0625;0.0555555555556;0.05;0.0454545454545;0.0416666666667;0.03125;0.0277777777778;0.025;0.015625;0.0138888888889,0.4686609375;0.5215365;0.53234865;0.476664954545;0.522608625;0.543681;0.54748525;0.561989475;0.493999647632;0.478169746189
bootstrap_corr_spin_dot,2,0.428571462631,0.367899689405,0.367899689405,0.368048046542,0.00783745157594,0.352454190026,0.383232539181,0.95,1,-0.595352211149,0.33946153999,1000,16;18;20;22;24;32;36;40;64;72,0.0625;0.0555555555556;0.05;0.0454545454545;0.0416666666667;0.03125;0.0277777777778;0.025;0.015625;0.0138888888889,0.320013837;0.340988;0.34107615;0.335709;0.37028925;0.32352975;0.3451594;0.360675;0.364755234375;0.3572839375
bootstrap_corr_spin_dot,2,0.499999970198,0.0458668915351,0.0458668915351,0.0460117288833,0.00549073543579,0.0352794747581,0.0564935641049,0.95,1,-0.699853661674,0.0638430150763,1000,16;18;20;22;24;32;36;40;64;72,0.0625;0.0555555555556;0.05;0.0454545454545;0.0416666666667;0.03125;0.0277777777778;0.025;0.015625;0.0138888888889,-0.0799576875;0.011193;0.0553491;0.0350353636364;0.103464375;0.00496186875;0.0059042;0.00719265375;0.0277129828125;0.0297641125
bootstrap_corr_spin_dot,2,0.571428537369,-0.235966023071,-0.235966023071,-0.236988827878,0.0256862327495,-0.28519765414,-0.18323958589,0.95,1,-1.26193516974,0.387859173548,1000,16;18;20;22;24;32;36;40;64;72,0.0625;0.0555555555556;0.05;0.0454545454545;0.0416666666667;0.03125;0.0277777777778;0.025;0.015625;0.0138888888889,-0.341124897897;-0.302759;-0.2897244;-0.319770409091;-0.2604135;-0.26069484375;-0.25592225;-0.22637655;-0.29387394;-0.2742992
bootstrap_corr_spin_dot,2,0.642857134342,-0.575471357615,-0.575471357615,-0.575474126345,0.00985138553956,-0.593683541138,-0.55651582022,0.95,1,-0.542169188343,0.0813986806599,1000,16;18;20;22;24;32;36;40;64;72,0.0625;0.0555555555556;0.05;0.0454545454545;0.0416666666667;0.03125;0.0277777777778;0.025;0.015625;0.0138888888889,-0.660771;-0.55329508;-0.60486696;-0.560607545455;-0.60450456;-0.606146990625;-0.620868875;-0.5918519475;-0.56902365;-0.582684741844
bootstrap_corr_spin_dot,2,0.714285731316,-0.882086195007,-0.882086195007,-0.881864676313,0.00915027492763,-0.900165138781,-0.864140265597,0.95,1,-0.0940632061399,0.00227907640427,1000,16;18;20;22;24;32;36;40;64;72,0.0625;0.0555555555556;0.05;0.0454545454545;0.0416666666667;0.03125;0.0277777777778;0.025;0.015625;0.0138888888889,-0.9400899375;-0.91661157042;-0.84503664;-0.850165069091;-0.84268548;-0.8701921125;-0.90364815;-0.889138215;-0.907229425781;-0.890748187875
bootstrap_corr_spin_dot,2,0.785714268684,-1.01487607044,-1.01487607044,-1.01487043232,0.00805834773654,-1.03003274718,-0.999627641287,0.95,1,-0.794708888254,0.291593210366,1000,16;18;20;22;24;32;36;40;64;72,0.0625;0.0555555555556;0.05;0.0454545454545;0.0416666666667;0.03125;0.0277777777778;0.025;0.015625;0.0138888888889,-1.04563963125;-1.0764079308;-1.080233055;-1.064052;-1.0083465;-1.0233500625;-1.05836;-1.02899115;-1.03268292187;-1.02372127
bootstrap_corr_spin_dot,2,0.857142865658,-1.20798221907,-1.20798221907,-1.20777909131,0.00810949442008,-1.22345363648,-1.19231611817,0.95,1,0.387251899318,0.0341566658939,1000,16;18;20;22;24;32;36;40;64;72,0.0625;0.0555555555556;0.05;0.0454545454545;0.0416666666667;0.03125;0.0277777777778;0.025;0.015625;0.0138888888889,-1.1612878875;-1.1705768892;-1.247432175;-1.21953285;-1.141846875;-1.1646369;-1.241385135;-1.2021759;-1.194073875;-1.19408679
bootstrap_corr_spin_dot,2,0.928571403027,-1.36747333771,-1.36747333771,-1.36752863851,0.00857667825986,-1.38313488039,-1.35006153764,0.95,1,1.84446092436,0.525876154395,1000,16;18;20;22;24;32;36;40;64;72,0.0625;0.0555555555556;0.05;0.0454545454545;0.0416666666667;0.03125;0.0277777777778;0.025;0.015625;0.0138888888889,-1.2141120375;-1.30690989;-1.30892911875;-1.2540605625;-1.2713095125;-1.30330744031;-1.34741777;-1.3296820185;-1.30794847031;-1.3509698125
bootstrap_corr_spin_dot,2,1,-1.399394934,-1.399394934,-1.39945854033,0.00839391137445,-1.41499458554,-1.38384022953,0.95,1,0.817045570686,0.0893571323046,1000,16;18;20;22;24;32;36;40;64;72,0.0625;0.0555555555556;0.05;0.0454545454545;0.0416666666667;0.03125;0.0277777777778;0.025;0.015625;0.0138888888889,-1.28411545219;-1.45469810574;-1.372876065;-1.317251475;-1.3543732125;-1.38110193281;-1.385954825;-1.3700325285;-1.37449342969;-1.39779255
