distance,j2_value,spin_dot_infinite,slope,r_squared,fit_degree,num_points,qubits,inverse_qubits,spin_dot_values
1,0,-0.401984967281,-37.1940922223,0.968746186952,2,12,72;64;48;36;32;24;22;20;18;16;12;10,0.0138888888889;0.015625;0.0208333333333;0.0277777777778;0.03125;0.0416666666667;0.0454545454545;0.05;0.0555555555556;0.0625;0.0833333333333;0.1,-0.766145765781;-0.878109276295;-1.14196884632;-1.34683322906;-1.40737497807;-1.53900003433;-1.59668171406;-1.6719751358;-1.72100007534;-1.734375;-1.79974997044;-1.80270004272
1,0.0714285746217,-0.405930998302,-36.9761856962,0.970322872275,2,12,72;64;48;36;32;24;22;20;18;16;12;10,0.0138888888889;0.015625;0.0208333333333;0.0277777777778;0.03125;0.0416666666667;0.0454545454545;0.05;0.0555555555556;0.0625;0.0833333333333;0.1,-0.766083300114;-0.886406183243;-1.14049994946;-1.34537506104;-1.40564060211;-1.53712499142;-1.59170472622;-1.67827498913;-1.72275006771;-1.73653125763;-1.81187498569;-1.81215000153
1,0.142857149243,-0.40132108513,-37.1645722834,0.968855347974,2,12,72;64;48;36;32;24;22;20;18;16;12;10,0.0138888888889;0.015625;0.0208333333333;0.0277777777778;0.03125;0.0416666666667;0.0454545454545;0.05;0.0555555555556;0.0625;0.0833333333333;0.1,-0.766062498093;-0.87778121233;-1.13940632343;-1.34879159927;-1.4012812376;-1.54131257534;-1.59450006485;-1.6780500412;-1.72166669369;-1.74150002003;-1.79525005817;-1.8151499033
1,0.214285716414,-0.39302296978,-37.4405263544,0.967151218424,2,12,72;64;48;36;32;24;22;20;18;16;12;10,0.0138888888889;0.015625;0.0208333333333;0.0277777777778;0.03125;0.0416666666667;0.0454545454545;0.05;0.0555555555556;0.0625;0.0833333333333;0.1,-0.754270851612;-0.87527346611;-1.13840615749;-1.34079158306;-1.41520309448;-1.53206253052;-1.58781814575;-1.67235004902;-1.71341669559;-1.73596858978;-1.79475009441;-1.79444992542
1,0.285714298487,-0.375318405214,-37.9890170519,0.968810488659,2,12,72;64;48;36;32;24;22;20;18;16;12;10,0.0138888888889;0.015625;0.0208333333333;0.0277777777778;0.03125;0.0416666666667;0.0454545454545;0.05;0.0555555555556;0.0625;0.0833333333333;0.1,-0.748875081539;-0.8609765172;-1.12681257725;-1.33770847321;-1.40371859074;-1.53837490082;-1.59115898609;-1.65735006332;-1.71508312225;-1.74037492275;-1.78499996662;-1.78919994831
1,0.357142865658,-0.343502868459,-38.8368906827,0.963458365265,2,12,72;64;48;36;32;24;22;20;18;16;12;10,0.0138888888889;0.015625;0.0208333333333;0.0277777777778;0.03125;0.0416666666667;0.0454545454545;0.05;0.0555555555556;0.0625;0.0833333333333;0.1,-0.720104217529;-0.828093707561;-1.12343752384;-1.33529150486;-1.39335930347;-1.53106248379;-1.56879532337;-1.63987505436;-1.69825017452;-1.71956253052;-1.77275002003;-1.74720001221
1,0.428571432829,-0.364587060006,-35.6062338903,0.934094730668,2,12,72;64;48;36;32;24;22;20;18;16;12;10,0.0138888888889;0.015625;0.0208333333333;0.0277777777778;0.03125;0.0416666666667;0.0454545454545;0.05;0.0555555555556;0.0625;0.0833333333333;0.1,-0.676041603088;-0.786539077759;-1.08959376812;-1.32662498951;-1.38229691982;-1.45550000668;-1.49372720718;-1.57072508335;-1.62208330631;-1.62374985218;-1.69375002384;-1.73759996891
1,0.5,-0.431057788186,-34.0080063991,0.815088034199,2,12,72;64;48;36;32;24;22;20;18;16;12;10,0.0138888888889;0.015625;0.0208333333333;0.0277777777778;0.03125;0.0416666666667;0.0454545454545;0.05;0.0555555555556;0.0625;0.0833333333333;0.1,-0.65277081728;-0.78185158968;-1.1429374218;-1.41645824909;-1.45167195797;-1.49581241608;-1.50715911388;-1.50862503052;-1.49683332443;-1.50571882725;-1.56725013256;-1.59464991093
1,0.571428596973,-0.456570648723,-26.2319335839,0.818800011378,2,12,72;64;48;36;32;24;22;20;18;16;12;10,0.0138888888889;0.015625;0.0208333333333;0.0277777777778;0.03125;0.0416666666667;0.0454545454545;0.05;0.0555555555556;0.0625;0.0833333333333;0.1,-0.618020832539;-0.72215628624;-1.0591250658;-1.20691668987;-1.21420311928;-1.2745000124;-1.28529548645;-1.32299995422;-1.26475000381;-1.29225003719;-1.37674999237;-1.36154997349
1,0.642857134342,-0.360954445398,-23.374657127,0.851241420612,2,12,72;64;48;36;32;24;22;20;18;16;12;10,0.0138888888889;0.015625;0.0208333333333;0.0277777777778;0.03125;0.0416666666667;0.0454545454545;0.05;0.0555555555556;0.0625;0.0833333333333;0.1,-0.544750034809;-0.631968736649;-0.896874964237;-0.983916699886;-0.98981243372;-1.01406252384;-1.043659091;-1.05982506275;-1.09983336926;-1.10906255245;-1.23275005817;-0.981599986553
1,0.714285731316,-0.338087185316,-18.7320664029,0.826307556164,2,12,72;64;48;36;32;24;22;20;18;16;12;10,0.0138888888889;0.015625;0.0208333333333;0.0277777777778;0.03125;0.0416666666667;0.0454545454545;0.05;0.0555555555556;0.0625;0.0833333333333;0.1,-0.484020829201;-0.559007823467;-0.781750023365;-0.821791648865;-0.828890621662;-0.849187552929;-0.868022739887;-0.88514995575;-0.917999982834;-0.931218802929;-1.02237510681;-0.781050026417
1,0.785714268684,-0.3259438561,-14.2524389456,0.84443367561,2,12,72;64;48;36;32;24;22;20;18;16;12;10,0.0138888888889;0.015625;0.0208333333333;0.0277777777778;0.03125;0.0416666666667;0.0454545454545;0.05;0.0555555555556;0.0625;0.0833333333333;0.1,-0.424104124308;-0.488437533379;-0.67703127861;-0.682333290577;-0.693562507629;-0.722187519073;-0.737386286259;-0.755100011826;-0.771500051022;-0.789937496185;-0.751249969006;-0.69479995966
1,0.857142865658,-0.328190311655,-9.49366033411,0.659937565139,2,12,72;64;48;36;32;24;22;20;18;16;12;10,0.0138888888889;0.015625;0.0208333333333;0.0277777777778;0.03125;0.0416666666667;0.0454545454545;0.05;0.0555555555556;0.0625;0.0833333333333;0.1,-0.373166680336;-0.427242189646;-0.577843725681;-0.574333250523;-0.577125012875;-0.620687544346;-0.618681788445;-0.640200018883;-0.643416702747;-0.680531263351;-0.539875030518;-0.680849969387
1,0.928571403027,-0.319377799444,-6.37048471779,0.411093224893,2,12,72;64;48;36;32;24;22;20;18;16;12;10,0.0138888888889;0.015625;0.0208333333333;0.0277777777778;0.03125;0.0416666666667;0.0454545454545;0.05;0.0555555555556;0.0625;0.0833333333333;0.1,-0.331479161978;-0.381210923195;-0.496781259775;-0.486374974251;-0.496171861887;-0.521624982357;-0.535840928555;-0.563699960709;-0.548333346844;-0.592031300068;-0.383625000715;-0.650849997997
1,1,-0.30568890744,-3.99067487691,0.315750797117,2,12,72;64;48;36;32;24;22;20;18;16;12;10,0.0138888888889;0.015625;0.0208333333333;0.0277777777778;0.03125;0.0416666666667;0.0454545454545;0.05;0.0555555555556;0.0625;0.0833333333333;0.1,-0.291687488556;-0.338999986649;-0.42306253314;-0.422000020742;-0.438187479973;-0.457999974489;-0.455454558134;-0.485774993896;-0.469999998808;-0.513374984264;-0.298499971628;-0.622799992561
2,0,0.231277423636,10.0779980186,0.983130853308,2,12,72;64;48;36;32;24;22;20;18;16;12;10,0.0138888888889;0.015625;0.0208333333333;0.0277777777778;0.03125;0.0416666666667;0.0454545454545;0.05;0.0555555555556;0.0625;0.0833333333333;0.1,0.332833319902;0.376687526703;0.428343772888;0.498958319426;0.525984406471;0.552250027657;0.595227241516;0.620700001717;0.615249991417;0.667593717575;0.745249986649;0.761099994183
2,0.0714285746217,0.227020116312,10.189745954,0.981111118561,2,12,72;64;48;36;32;24;22;20;18;16;12;10,0.0138888888889;0.015625;0.0208333333333;0.0277777777778;0.03125;0.0416666666667;0.0454545454545;0.05;0.0555555555556;0.0625;0.0833333333333;0.1,0.336874991655;0.370078116655;0.426124960184;0.486958354712;0.521718740463;0.551312446594;0.583159089088;0.610349953175;0.596000015736;0.661968767643;0.733500003815;0.721499979496
2,0.142857149243,0.211166446803,10.6393631426,0.975966672615,2,12,72;64;48;36;32;24;22;20;18;16;12;10,0.0138888888889;0.015625;0.0208333333333;0.0277777777778;0.03125;0.0416666666667;0.0454545454545;0.05;0.0555555555556;0.0625;0.0833333333333;0.1,0.326937526464;0.357585936785;0.420500010252;0.482583373785;0.516609370708;0.522125005722;0.578522741795;0.599474966526;0.596000015736;0.671062529087;0.698750019073;0.699450016022
2,0.214285716414,0.215019764047,9.91782106745,0.980108058248,2,12,72;64;48;36;32;24;22;20;18;16;12;10,0.0138888888889;0.015625;0.0208333333333;0.0277777777778;0.03125;0.0416666666667;0.0454545454545;0.05;0.0555555555556;0.0625;0.0833333333333;0.1,0.315020829439;0.357328087091;0.410343766212;0.46658334136;0.495562463999;0.511562526226;0.563045442104;0.576975047588;0.577916681767;0.630562484264;0.659874975681;0.67199999094
2,0.285714298487,0.174658239958,10.8239921417,0.973659775526,2,12,72;64;48;36;32;24;22;20;18;16;12;10,0.0138888888889;0.015625;0.0208333333333;0.0277777777778;0.03125;0.0416666666667;0.0454545454545;0.05;0.0555555555556;0.0625;0.0833333333333;0.1,0.287874996662;0.325124979019;0.380187511444;0.442000001669;0.46640625596;0.500750005245;0.530045509338;0.562124967575;0.550249993801;0.606562495232;0.586499989033;0.613050043583
2,0.357142865658,0.166493136986,8.80550411797,0.973275698637,2,12,72;64;48;36;32;24;22;20;18;16;12;10,0.0138888888889;0.015625;0.0208333333333;0.0277777777778;0.03125;0.0416666666667;0.0454545454545;0.05;0.0555555555556;0.0625;0.0833333333333;0.1,0.262291669846;0.286359369755;0.339093774557;0.39508330822;0.405046910048;0.42218747735;0.469022721052;0.484799981117;0.475749999285;0.540562450886;0.545000016689;0.550199985504
2,0.428571432829,0.230104880292,0.251310351961,0.778772114516,2,12,72;64;48;36;32;24;22;20;18;16;12;10,0.0138888888889;0.015625;0.0208333333333;0.0277777777778;0.03125;0.0416666666667;0.0454545454545;0.05;0.0555555555556;0.0625;0.0833333333333;0.1,0.198479160666;0.217945292592;0.265031218529;0.301125019789;0.308109372854;0.24537499249;0.258954554796;0.275475025177;0.267166703939;0.30890622735;0.399124979973;0.422100037336
2,0.5,0.256793130569,-10.3931879361,0.910178708498,2,12,72;64;48;36;32;24;22;20;18;16;12;10,0.0138888888889;0.015625;0.0208333333333;0.0277777777778;0.03125;0.0416666666667;0.0454545454545;0.05;0.0555555555556;0.0625;0.0833333333333;0.1,0.112937510014;0.106101565063;0.110281251371;0.0559583343565;0.0395156256855;-0.0264374986291;-0.0234545450658;-0.024975001812;-0.0493333339691;-0.0379687510431;0.0948750004172;0.148049995303
2,0.571428596973,0.222440939227,-15.309929918,0.93531040445,2,12,72;64;48;36;32;24;22;20;18;16;12;10,0.0138888888889;0.015625;0.0208333333333;0.0277777777778;0.03125;0.0416666666667;0.0454545454545;0.05;0.0555555555556;0.0625;0.0833333333333;0.1,0.0210416670889;-0.001945312717;-0.0373749993742;-0.111666657031;-0.139453113079;-0.225187495351;-0.247227266431;-0.292575001717;-0.396833330393;-0.301125019789;-0.280625015497;-0.293550014496
2,0.642857134342,0.174176644217,-20.6543248272,0.822633654122,2,12,72;64;48;36;32;24;22;20;18;16;12;10,0.0138888888889;0.015625;0.0208333333333;0.0277777777778;0.03125;0.0416666666667;0.0454545454545;0.05;0.0555555555556;0.0625;0.0833333333333;0.1,-0.0524999983609;-0.0864140614867;-0.188156247139;-0.338166683912;-0.39407813549;-0.502749979496;-0.555750012398;-0.617399990559;-0.733166694641;-0.61050003767;-0.467125028372;-0.898050010204
2,0.714285731316,0.162583792335,-26.9808199791,0.893594129413,2,12,72;64;48;36;32;24;22;20;18;16;12;10,0.0138888888889;0.015625;0.0208333333333;0.0277777777778;0.03125;0.0416666666667;0.0454545454545;0.05;0.0555555555556;0.0625;0.0833333333333;0.1,-0.132708325982;-0.174820318818;-0.330000013113;-0.513666689396;-0.581015586853;-0.716125011444;-0.79574996233;-0.838949978352;-0.980666697025;-0.853406250477;-0.781500041485;-1.18079996109
2,0.785714268684,0.153598258575,-32.5936722069,0.970508347851,2,12,72;64;48;36;32;24;22;20;18;16;12;10,0.0138888888889;0.015625;0.0208333333333;0.0277777777778;0.03125;0.0416666666667;0.0454545454545;0.05;0.0555555555556;0.0625;0.0833333333333;0.1,-0.223124980927;-0.275460928679;-0.443718761206;-0.648874998093;-0.711890637875;-0.881187438965;-0.961840867996;-0.988574981689;-1.14691674709;-1.01690626144;-1.13837492466;-1.24230003357
2,0.857142865658,0.086636324153,-34.0787993076,0.976687645501,2,12,72;64;48;36;32;24;22;20;18;16;12;10,0.0138888888889;0.015625;0.0208333333333;0.0277777777778;0.03125;0.0416666666667;0.0454545454545;0.05;0.0555555555556;0.0625;0.0833333333333;0.1,-0.30895832181;-0.375867158175;-0.550687491894;-0.758458316326;-0.816984415054;-0.994562447071;-1.08974993229;-1.09672498703;-1.27750003338;-1.13146877289;-1.42362499237;-1.36919987202
2,0.928571403027,0.043539468716,-36.1616493138,0.965737802129,2,12,72;64;48;36;32;24;22;20;18;16;12;10,0.0138888888889;0.015625;0.0208333333333;0.0277777777778;0.03125;0.0416666666667;0.0454545454545;0.05;0.0555555555556;0.0625;0.0833333333333;0.1,-0.386104136705;-0.455812484026;-0.637406229973;-0.834541797638;-0.894890606403;-1.08599996567;-1.16734099388;-1.17420005798;-1.3844165802;-1.21050012112;-1.58187496662;-1.37384998798
2,1,-0.00300916037715,-36.6912132854,0.956494090297,2,12,72;64;48;36;32;24;22;20;18;16;12;10,0.0138888888889;0.015625;0.0208333333333;0.0277777777778;0.03125;0.0416666666667;0.0454545454545;0.05;0.0555555555556;0.0625;0.0833333333333;0.1,-0.444104164839;-0.504234373569;-0.704781234264;-0.891499996185;-0.962531268597;-1.14725005627;-1.22386360168;-1.23187506199;-1.45141661167;-1.27443742752;-1.70437514782;-1.4306999445
3,0,-0.122891947315,-12.4488431633,0.960587778051,2,12,72;64;48;36;32;24;22;20;18;16;12;10,0.0138888888889;0.015625;0.0208333333333;0.0277777777778;0.03125;0.0416666666667;0.0454545454545;0.05;0.0555555555556;0.0625;0.0833333333333;0.1,-0.280104160309;-0.310992151499;-0.337687522173;-0.43866661191;-0.435984373093;-0.463000029325;-0.573477268219;-0.617624998093;-0.583499968052;-0.658874988556;-0.65474998951;-0.69780009985
3,0.0714285746217,-0.119818779377,-12.3447272391,0.961932771736,2,12,72;64;48;36;32;24;22;20;18;16;12;10,0.0138888888889;0.015625;0.0208333333333;0.0277777777778;0.03125;0.0416666666667;0.0454545454545;0.05;0.0555555555556;0.0625;0.0833333333333;0.1,-0.278020828962;-0.301898419857;-0.335312515497;-0.435000032187;-0.421640634537;-0.461062520742;-0.56222730875;-0.604200005531;-0.564833343029;-0.647343695164;-0.642374992371;-0.670650005341
3,0.142857149243,-0.107189983488,-12.6044496735,0.952869150914,2,12,72;64;48;36;32;24;22;20;18;16;12;10,0.0138888888889;0.015625;0.0208333333333;0.0277777777778;0.03125;0.0416666666667;0.0454545454545;0.05;0.0555555555556;0.0625;0.0833333333333;0.1,-0.272312492132;-0.291421860456;-0.324750006199;-0.417416661978;-0.412359386683;-0.444687485695;-0.559090912342;-0.588599979877;-0.555916726589;-0.632156252861;-0.603874981403;-0.63330000639
3,0.214285716414,-0.097914780649,-12.6586966552,0.929971491465,2,12,72;64;48;36;32;24;22;20;18;16;12;10,0.0138888888889;0.015625;0.0208333333333;0.0277777777778;0.03125;0.0416666666667;0.0454545454545;0.05;0.0555555555556;0.0625;0.0833333333333;0.1,-0.262520819902;-0.286289066076;-0.305999994278;-0.402916669846;-0.392484337091;-0.42974999547;-0.542999982834;-0.568424999714;-0.541750013828;-0.594093739986;-0.533250033855;-0.571649968624
3,0.285714298487,-0.0701864478458,-12.6072517396,0.899019525335,2,12,72;64;48;36;32;24;22;20;18;16;12;10,0.0138888888889;0.015625;0.0208333333333;0.0277777777778;0.03125;0.0416666666667;0.0454545454545;0.05;0.0555555555556;0.0625;0.0833333333333;0.1,-0.2384583354;-0.250593751669;-0.28509375453;-0.36508333683;-0.366187483072;-0.384499996901;-0.502636373043;-0.5474999547;-0.506333351135;-0.573000013828;-0.478250026703;-0.529949963093
3,0.357142865658,-0.041061712159,-11.4799511058,0.91650516375,2,12,72;64;48;36;32;24;22;20;18;16;12;10,0.0138888888889;0.015625;0.0208333333333;0.0277777777778;0.03125;0.0416666666667;0.0454545454545;0.05;0.0555555555556;0.0625;0.0833333333333;0.1,-0.188187524676;-0.211242198944;-0.239562496543;-0.314166665077;-0.305671900511;-0.333187490702;-0.430431813002;-0.473850011826;-0.42950001359;-0.501093685627;-0.428125023842;-0.454199999571
3,0.428571432829,-0.10276206454,-3.48224299125,0.891816867134,2,12,72;64;48;36;32;24;22;20;18;16;12;10,0.0138888888889;0.015625;0.0208333333333;0.0277777777778;0.03125;0.0416666666667;0.0454545454545;0.05;0.0555555555556;0.0625;0.0833333333333;0.1,-0.14164583385;-0.142875000834;-0.174843743443;-0.236791670322;-0.202781260014;-0.188749983907;-0.255409091711;-0.290699988604;-0.239083334804;-0.300562500954;-0.33449998498;-0.376199990511
3,0.5,-0.15407269455,6.22738571489,0.932423076557,2,12,72;64;48;36;32;24;22;20;18;16;12;10,0.0138888888889;0.015625;0.0208333333333;0.0277777777778;0.03125;0.0416666666667;0.0454545454545;0.05;0.0555555555556;0.0625;0.0833333333333;0.1,-0.0638958290219;-0.0592968761921;-0.0678437426686;-0.0524583347142;-0.0397499985993;0.0010000000475;-0.0131590897217;0.000525000330526;0.0108333332464;-0.0127500025555;-0.0998749956489;-0.181500002742
3,0.571428596973,-0.0726711225722,5.42953803048,0.881238616642,2,12,72;64;48;36;32;24;22;20;18;16;12;10,0.0138888888889;0.015625;0.0208333333333;0.0277777777778;0.03125;0.0416666666667;0.0454545454545;0.05;0.0555555555556;0.0625;0.0833333333333;0.1,-0.0042916671373;-0.000609374896158;0.0174375008792;0.0477083362639;0.0712031200528;0.113250009716;0.110386364162;0.117224991322;0.1426666677;0.137343749404;0.097000002861;0.16905002296
3,0.642857134342,-0.0133685829334,6.07198623689,0.70025014039,2,12,72;64;48;36;32;24;22;20;18;16;12;10,0.0138888888889;0.015625;0.0208333333333;0.0277777777778;0.03125;0.0416666666667;0.0454545454545;0.05;0.0555555555556;0.0625;0.0833333333333;0.1,0.0379166640341;0.0594843737781;0.0930624976754;0.142000004649;0.183796867728;0.228187516332;0.222750008106;0.224625006318;0.265333324671;0.270843744278;0.152999997139;0.415050029755
3,0.714285731316,0.0295135164425,5.94623668103,0.715436773735,2,12,72;64;48;36;32;24;22;20;18;16;12;10,0.0138888888889;0.015625;0.0208333333333;0.0277777777778;0.03125;0.0416666666667;0.0454545454545;0.05;0.0555555555556;0.0625;0.0833333333333;0.1,0.0760833323002;0.098976559937;0.141937494278;0.179125010967;0.231656253338;0.283187508583;0.279954582453;0.277200013399;0.313916653395;0.332249969244;0.210625007749;0.515249967575
3,0.785714268684,0.0722298694986,5.15225277177,0.67010639413,2,12,72;64;48;36;32;24;22;20;18;16;12;10,0.0138888888889;0.015625;0.0208333333333;0.0277777777778;0.03125;0.0416666666667;0.0454545454545;0.05;0.0555555555556;0.0625;0.0833333333333;0.1,0.102145828307;0.130359366536;0.177218750119;0.206500008702;0.254578143358;0.320437520742;0.293454557657;0.297000020742;0.325249999762;0.366750001907;0.220500007272;0.558000028133
3,0.857142865658,0.126807963182,2.72923455082,0.705398567784,2,12,72;64;48;36;32;24;22;20;18;16;12;10,0.0138888888889;0.015625;0.0208333333333;0.0277777777778;0.03125;0.0416666666667;0.0454545454545;0.05;0.0555555555556;0.0625;0.0833333333333;0.1,0.118458330631;0.145148441195;0.194718763232;0.23166666925;0.266953110695;0.308874994516;0.299318164587;0.298124998808;0.322333335876;0.345468729734;0.253125011921;0.625649988651
3,0.928571403027,0.146973957852,2.24303675898,0.573729666778,2,12,72;64;48;36;32;24;22;20;18;16;12;10,0.0138888888889;0.015625;0.0208333333333;0.0277777777778;0.03125;0.0416666666667;0.0454545454545;0.05;0.0555555555556;0.0625;0.0833333333333;0.1,0.134354159236;0.153164073825;0.20012499392;0.238250002265;0.269156247377;0.319375008345;0.28493180871;0.301125019789;0.317083328962;0.338250011206;0.197000011802;0.602700054646
3,1,0.175156810292,0.450794506203,0.596343402977,2,12,72;64;48;36;32;24;22;20;18;16;12;10,0.0138888888889;0.015625;0.0208333333333;0.0277777777778;0.03125;0.0416666666667;0.0454545454545;0.05;0.0555555555556;0.0625;0.0833333333333;0.1,0.135916665196;0.159468725324;0.20253123343;0.221208333969;0.258234381676;0.319249987602;0.279545456171;0.286499977112;0.299333363771;0.306937485933;0.201749995351;0.635850012302
